city_ascii,pop,density,total_stations,stations_per_10k
Toronto,2731571,4334,428,1.566863903592475
Ottawa,934243,3160,213,2.279920748670314
Thunder Bay,110172,331,22,1.996877609555967
Guelph,131794,2431,48,3.6420474376678755
Pembroke,14351,30,3,2.090446658769424
Sudbury,161531,49,9,0.5571685930254874
Whitehorse,25078,57,2,0.7975117632985087
Yellowknife,20034,41,1,0.49915144254766897
Corner Brook,19133,34,1,0.5226571891496368
Iqaluit,7740,15,0,0.0
